"氏名","ふりがな","氏名ふりがな"
"渡辺みちたか","わたなべみちたか","渡辺みちたか（わたなべみちたか）"
"川村のりあき","かわむらのりあき","川村のりあき（かわむらのりあき）"
"のづケン","のづけん","のづケン（のづけん）"
"小野裕次郎","おのゆうじろう","小野裕次郎（おのゆうじろう）"
"下村治生","しもむらはるお","下村治生（しもむらはるお）"
"井下田栄一","いのしたたえいいち","井下田栄一（いのしたたえいいち）"
"豊島あつし","とよしまあつし","豊島あつし（とよしまあつし）"
"近藤なつ子","こんどうなつこ","近藤なつ子（こんどうなつこ）"
"藤原たけき","ふじわらたけき","藤原たけき（ふじわらたけき）"
"渡辺清人","わたなべきよと","渡辺清人（わたなべきよと）"
"木もとひろゆき","きもとひろゆき","木もとひろゆき（きもとひろゆき）"
"田中ゆきえ","たなかゆきえ","田中ゆきえ（たなかゆきえ）"
"時光じゅん子","ときみつじゅんこ","時光じゅん子（ときみつじゅんこ）"
"かわの達男","かわのたつお","かわの達男（かわのたつお）"
"雨宮武彦","あめみやたけひこ","雨宮武彦（あめみやたけひこ）"
"有馬としろう","ありまとしろう","有馬としろう（ありまとしろう）"
"桑原ようへい","くわはらようへい","桑原ようへい（くわはらようへい）"
"あざみ民栄","あざみたみさかえ","あざみ民栄（あざみたみさかえ）"
"おぐら利彦","おぐらとしひこ","おぐら利彦（おぐらとしひこ）"
"伊藤陽平","いとうようへい","伊藤陽平（いとうようへい）"
"野もとあきとし","のもとあきとし","野もとあきとし（のもとあきとし）"
"沢田あゆみ","さわだあゆみ","沢田あゆみ（さわだあゆみ）"
"大門さちえ","だいもんさちえ","大門さちえ（だいもんさちえ）"
"高月まな","たかつきまな","高月まな（たかつきまな）"
"池田だいすけ","いけだだいすけ","池田だいすけ（いけだだいすけ）"
"えのき秀隆","えのきひでたか","えのき秀隆（えのきひでたか）"
"永原たかやす","ながはらたかやす","永原たかやす（ながはらたかやす）"
"三沢ひで子","みさわひでこ","三沢ひで子（みさわひでこ）"
"久保こうすけ","くぼこうすけ","久保こうすけ（くぼこうすけ）"
"志田雄一郎","しだゆういちろう","志田雄一郎（しだゆういちろう）"
"佐原たけし","さわらたけし","佐原たけし（さわらたけし）"
"鈴木ひろみ","すずきひろみ","鈴木ひろみ（すずきひろみ）"
"中村しんいち","なかむらしんいち","中村しんいち（なかむらしんいち）"
"よだかれん","よだかれん","よだかれん（よだかれん）"
"北島としあき","きたじまとしあき","北島としあき（きたじまとしあき）"
"三雲崇正","みくもすうせい","三雲崇正（みくもすうせい）"
"宮坂俊文","みやさかとしふみ","宮坂俊文（みやさかとしふみ）"
"吉住はるお","よしずみはるお","吉住はるお（よしずみはるお）"
"松田みき","まつだみき","松田みき（まつだみき）"
"沢田","さわだ","沢田（さわだ）"
"阿部早苗","あべさなえ","阿部早苗（あべさなえ）"
"久保広介","くぼこうすけ","久保広介（くぼこうすけ）"
"ふじ川たかし","ふじかわたかし","ふじ川たかし（ふじかわたかし）"
"佐藤佳一","さとうけいいち","佐藤佳一（さとうけいいち）"
"赤羽つや子","あかばねつやこ","赤羽つや子（あかばねつやこ）"
"平間しのぶ","ひらましのぶ","平間しのぶ（ひらましのぶ）"
"ひやま真一","ひやましんいち","ひやま真一（ひやましんいち）"
"田中のりひで","たなかのりひで","田中のりひで（たなかのりひで）"
"桑原羊平","くわはらひつじたいら","桑原羊平（くわはらひつじたいら）"
"のづたけし","のづたけし","のづたけし（のづたけし）"
"なす雅之","なすまさゆき","なす雅之（なすまさゆき）"
"根本二郎","こんぽんじろう","根本二郎（こんぽんじろう）"
"鈴木ゆきえ","すずきゆきえ","鈴木ゆきえ（すずきゆきえ）"
"小松政子","こまつまさこ","小松政子（こまつまさこ）"
"深沢としさだ","ふかざわとしさだ","深沢としさだ（ふかざわとしさだ）"
"北島敏昭","きたじまとしあき","北島敏昭（きたじまとしあき）"
"おのけん一郎","おのけんいちろう","おのけん一郎（おのけんいちろう）"
"井下田","いのしたた","井下田（いのしたた）"
"なす","なす","なす（なす）"
"赤羽","あかばね","赤羽（あかばね）"
"根本","こんぽん","根本（こんぽん）"
"阿部","あべ","阿部（あべ）"
"田中","たなか","田中（たなか）"
"かわの","かわの","かわの（かわの）"
"平間","ひらま","平間（ひらま）"
"下村","しもむら","下村（しもむら）"
"おぐら","おぐら","おぐら（おぐら）"
"雨宮","あめみや","雨宮（あめみや）"
"久保","くぼ","久保（くぼ）"
"桑原","くわはら","桑原（くわはら）"
"野もと","のもと","野もと（のもと）"
"近藤","こんどう","近藤（こんどう）"
"小松","こまつ","小松（こまつ）"
"佐原","さわら","佐原（さわら）"
"佐藤","さとう","佐藤（さとう）"
"吉住","よしずみ","吉住（よしずみ）"
"ひやま","ひやま","ひやま（ひやま）"
"中村","なかむら","中村（なかむら）"
"えのき","えのき","えのき（えのき）"
"有馬","ありま","有馬（ありま）"
"川村","かわむら","川村（かわむら）"
"鈴木","すずき","鈴木（すずき）"
"あざみ","あざみ","あざみ（あざみ）"
"豊島","とよしま","豊島（とよしま）"
"志田","しだ","志田（しだ）"
"深沢","ふかざわ","深沢（ふかざわ）"
"北島","きたじま","北島（きたじま）"
"のづ","のづ","のづ（のづ）"
"おの","おの","おの（おの）"
"池田","いけだ","池田（いけだ）"
"宮坂","みやさか","宮坂（みやさか）"
"沖","おき","沖（おき）"
"山田","やまだ","山田（やまだ）"
"沖ともみ","おきともみ","沖ともみ（おきともみ）"
"山田啓史","やまだけいし","山田啓史（やまだけいし）"
"小畑","おばた","小畑（おばた）"
"すえき","すえき","すえき（すえき）"
"久保合介","くぼごうすけ","久保合介（くぼごうすけ）"
"山田敏行","やまだとしゆき","山田敏行（やまだとしゆき）"
"小野","おの","小野（おの）"
"とよしま","とよしま","とよしま（とよしま）"
"くまがい","くまがい","くまがい（くまがい）"
"すえき亮","すえきあきら","すえき亮（すえきあきら）"
"小畑通夫","おばたみちお","小畑通夫（おばたみちお）"
"くまがい澄子","くまがいすみこ","くまがい澄子（くまがいすみこ）"
"桑原公平","くわはらこうへい","桑原公平（くわはらこうへい）"
"小野きみ子","おのきみこ","小野きみ子（おのきみこ）"
"松ヶ谷","まつがや","松ヶ谷（まつがや）"
"松ヶ谷まさお","まつがやまさお","松ヶ谷まさお（まつがやまさお）"
"吉住健一","よしずみけんいち","吉住健一（よしずみけんいち）"
"のもと","のもと","のもと（のもと）"
"とよしま正雄","とよしままさお","とよしま正雄（とよしままさお）"
"そめたに","そめたに","そめたに（そめたに）"
"山添","やまぞえ","山添（やまぞえ）"
"うるしばら","うるしばら","うるしばら（うるしばら）"
"野口","のぐち","野口（のぐち）"
"笠井","かさい","笠井（かさい）"
"秋田","あきた","秋田（あきた）"
"秋田ひろし","あきたひろし","秋田ひろし（あきたひろし）"
"うるしばら順一","うるしばらじゅんいち","うるしばら順一（うるしばらじゅんいち）"
"山添巖","やまぞえがん","山添巖（やまぞえがん）"
"そめたに正明","そめたにまさあき","そめたに正明（そめたにまさあき）"
"笠井つや子","かさいつやこ","笠井つや子（かさいつやこ）"
"有馬俊郎","ありまとしろう","有馬俊郎（ありまとしろう）"
"野口ふみあき","のぐちふみあき","野口ふみあき（のぐちふみあき）"
"猪爪","いのつめ","猪爪（いのつめ）"
"麻生","あそう","麻生（あそう）"
"猪爪まさみ","いのつめまさみ","猪爪まさみ（いのつめまさみ）"
"住吉","すみよし","住吉（すみよし）"
"渡部","わたなべ","渡部（わたなべ）"
"武山","たけやま","武山（たけやま）"
"水田","すいでん","水田（すいでん）"
"古山","ふるやま","古山（ふるやま）"
"石黒","いしぐろ","石黒（いしぐろ）"
"堀川","ほりかわ","堀川（ほりかわ）"
"根岸","ねぎし","根岸（ねぎし）"
"佐藤文則","さとうふみのり","佐藤文則（さとうふみのり）"
"上","うえ","上（うえ）"
"新井","あらい","新井（あらい）"
"やはぎ","やはぎ","やはぎ（やはぎ）"
"松川","まつかわ","松川（まつかわ）"
"長森","ながもり","長森（ながもり）"
"小沢","おざわ","小沢（おざわ）"
"内田","うちだ","内田（うちだ）"
"羽深","はぶか","羽深（はぶか）"
"小倉","おぐら","小倉（おぐら）"
"中村よしひこ","なかむらよしひこ","中村よしひこ（なかむらよしひこ）"
"上秀夫","うえひでお","上秀夫（うえひでお）"
"やはぎ秀雄","やはぎひでお","やはぎ秀雄（やはぎひでお）"
"下村得治","しもむらとくじ","下村得治（しもむらとくじ）"
"権並","けんなみ","権並（けんなみ）"
"かわで","かわで","かわで（かわで）"
"内田［幸］","うちだ［さち］","内田［幸］（うちだ［さち］）"
"羽深真二","はぶかしんじ","羽深真二（はぶかしんじ）"
"松川きみひろ","まつかわきみひろ","松川きみひろ（まつかわきみひろ）"
"権並勇","けんなみいさみ","権並勇（けんなみいさみ）"
"かわで昭彦","かわであきひこ","かわで昭彦（かわであきひこ）"
"鈴木幸枝","すずきゆきえ","鈴木幸枝（すずきゆきえ）"
"小沢弘太郎","おざわこうたろう","小沢弘太郎（おざわこうたろう）"
"かわ野","かわの","かわ野（かわの）"
"小幡","おばた","小幡（おばた）"
"中村吉彦","なかむらよしひこ","中村吉彦（なかむらよしひこ）"
"長森孝吉","ながもりこうきち","長森孝吉（ながもりこうきち）"
"内田武","うちだたけし","内田武（うちだたけし）"
"川村一之","かわむらかずゆき","川村一之（かわむらかずゆき）"
"新井康文","あらいやすふみ","新井康文（あらいやすふみ）"
"中口","なかぐち","中口（なかぐち）"
"斉藤","さいとう","斉藤（さいとう）"
"内田［武］","うちだ［たけし］","内田［武］（うちだ［たけし］）"
"甲斐","かい","甲斐（かい）"
"長谷川","はせがわ","長谷川（はせがわ）"
"加藤","かとう","加藤（かとう）"
"俵","たわら","俵（たわら）"
"山口","やまぐち","山口（やまぐち）"
"はそべ","はそべ","はそべ（はそべ）"
"染谷","そめや","染谷（そめや）"
"中口伊佐美","なかぐちいさみ","中口伊佐美（なかぐちいさみ）"
"俵正","たわらせい","俵正（たわらせい）"
"染谷正明","そめやまさあき","染谷正明（そめやまさあき）"
"斉藤博","さいとうひろし","斉藤博（さいとうひろし）"
"山口健二","やまぐちけんじ","山口健二（やまぐちけんじ）"
"権波","けんなみ","権波（けんなみ）"
"加藤清久","かとうきよく","加藤清久（かとうきよく）"
"はそべ力","はそべちから","はそべ力（はそべちから）"
"長谷川順一","はせがわじゅんいち","長谷川順一（はせがわじゅんいち）"
"馬場","ばば","馬場（ばば）"
"小倉喜文","おぐらよしふみ","小倉喜文（おぐらよしふみ）"
"荒井","あらい","荒井（あらい）"
"斎藤","さいとう","斎藤（さいとう）"
"池上","いけがみ","池上（いけがみ）"
"川合","かわい","川合（かわい）"
"川口","かわぐち","川口（かわぐち）"
"長崎","ながさき","長崎（ながさき）"
"平光","ひらこう","平光（ひらこう）"
"小川","おがわ","小川（おがわ）"
"笹本","ささもと","笹本（ささもと）"
"磯部","いそべ","磯部（いそべ）"
"木本","きもと","木本（きもと）"
"野口史章","のぐちししょう","野口史章（のぐちししょう）"
"池上ミユキ","いけがみみゆき","池上ミユキ（いけがみみゆき）"
"堀内","ほりうち","堀内（ほりうち）"
"内田幸次","うちだこうじ","内田幸次（うちだこうじ）"
"甲斐勝夫","かいかつお","甲斐勝夫（かいかつお）"
"平光レイ子","ひらこうれいこ","平光レイ子（ひらこうれいこ）"
"笹岡","ささおか","笹岡（ささおか）"
"笹本弘子","ささもとひろこ","笹本弘子（ささもとひろこ）"
"甲斐委員）","かいいいん）","甲斐委員）（かいいいん））"
"笠井委員","かさいいいん","笠井委員（かさいいいん）"
"川合幸夫","かわいゆきお","川合幸夫（かわいゆきお）"
"小川ゆきお","おがわゆきお","小川ゆきお（おがわゆきお）"
"大山とも子","おおやまともこ","大山とも子（おおやまともこ）"
"磯部芳直","いそべほうちょく","磯部芳直（いそべほうちょく）"
"大山","おおやま","大山（おおやま）"
"根元","こんげん","根元（こんげん）"
"川口孝七","かわぐちたかししち","川口孝七（かわぐちたかししち）"
"木本義正","きもとよしまさ","木本義正（きもとよしまさ）"
"桑原春三","くわはらはるぞう","桑原春三（くわはらはるぞう）"
"内田幸","うちださち","内田幸（うちださち）"
"佐藤［文］","さとう［ぶん］","佐藤［文］（さとう［ぶん］）"
"高井俊雄","たかいとしお","高井俊雄（たかいとしお）"
"渡辺保之","わたなべやすゆき","渡辺保之（わたなべやすゆき）"
"河野達男","こうのたつお","河野達男（こうのたつお）"
"鈴木徳之助","すずきとくのすけ","鈴木徳之助（すずきとくのすけ）"
"渡辺","わたなべ","渡辺（わたなべ）"
"高井","たかい","高井（たかい）"
"細田","ほそだ","細田（ほそだ）"
"河野","こうの","河野（こうの）"
"天野","あまの","天野（あまの）"
"北川","きたがわ","北川（きたがわ）"
"福島","ふくしま","福島（ふくしま）"
"細田勝","ほそだかち","細田勝（ほそだかち）"
"堀内芳平","ほりうちよしへい","堀内芳平（ほりうちよしへい）"
"東","ひがし","東（ひがし）"
"堀田","ほった","堀田（ほった）"
"鎌田","かまだ","鎌田（かまだ）"
"福島トシ子","ふくしまとしこ","福島トシ子（ふくしまとしこ）"
"天野新一郎","あまのしんいちろう","天野新一郎（あまのしんいちろう）"
"秋田博","あきたひろし","秋田博（あきたひろし）"
"篠崎","しのざき","篠崎（しのざき）"
"東きく子","ひがしきくこ","東きく子（ひがしきくこ）"
"堀田実","ほったみ","堀田実（ほったみ）"
